ID,score
1,6.13
2,6.13
3,4.15
4,6.13
5,3.64
6,4.7
7,6.13
8,3.64
9,6.07
10,0.0
11,1.17
12,0.0
13,6.06
14,1.17
15,6.13
16,6.13
17,6.13
18,3.64
19,7.81
20,2.7
21,6.13
22,6.76
23,6.07
24,3.64
25,4.67
26,8.95
27,4.15
28,1.17
29,2.7
30,7.15
31,3.64
32,7.81
33,7.81
34,0.0
35,8.95
36,6.13
37,7.81
38,6.76
39,7.15
40,6.07
41,4.15
42,4.67
43,6.13
44,4.15
45,6.76
46,6.76
47,6.13
48,4.67
49,6.13
50,6.76
51,8.53
52,1.17
53,8.95
54,3.69
55,4.15
56,1.17
57,6.76
58,1.17
59,6.13
60,3.64
61,3.0
62,6.13
63,1.17
64,3.64
65,9.45
66,2.7
67,7.15
68,4.67
69,3.64
70,2.7
71,3.64
72,4.15
73,6.13
74,6.76
75,1.17
76,3.0
77,6.13
78,9.2
79,4.15
80,7.81
81,4.15
82,5.28
83,0.0
84,8.95
85,6.13
86,4.15
87,3.64
88,7.81
89,1.17
90,1.5
91,6.13
92,6.12
93,3.64
94,2.7
95,3.64
96,7.81
97,6.13
98,3.64
99,6.13
100,6.76
101,3.64
102,6.13
103,6.13
104,7.82
105,4.15
106,6.76
107,7.81
108,3.64
109,3.64
110,7.15
111,4.67
112,1.17
113,6.13
114,8.62
115,6.13
116,6.76
117,3.64
118,8.95
119,7.81
120,6.76
121,6.13
122,6.76
123,1.17
124,3.64
125,0.82
126,4.67
127,4.02
128,4.67
129,3.64
130,1.17
131,6.13
132,6.13
133,3.64
134,1.17
135,6.13
136,0.84
137,4.15
138,6.13
139,7.15
140,7.81
141,4.15
142,6.13
143,3.64
144,0.0
145,1.17
146,2.7
147,3.0
148,2.7
149,6.13
150,6.76
151,6.13
152,1.17
153,6.13
154,4.67
155,0.82
156,6.13
157,8.62
158,3.64
159,7.81
160,6.13
161,8.59
162,4.15
163,2.7
164,0.0
165,4.67
166,3.64
167,3.64
168,7.81
169,4.67
170,3.27
171,7.81
172,6.76
173,7.81
174,4.15
175,7.15
176,6.13
177,3.64
178,3.64
179,4.15
180,7.81
181,6.76
182,4.67
183,6.13
184,6.13
185,3.64
186,7.81
187,7.15
188,6.76
189,6.13
190,9.33
191,4.15
192,6.13
193,1.17
194,4.15
195,4.15
196,4.67
197,6.13
198,4.15
199,2.7
200,6.13
201,4.15
202,6.76
203,1.17
204,7.15
205,1.17
206,4.15
207,2.7
208,7.81
209,7.81
210,6.13
211,6.76
212,4.15
213,3.64
214,6.13
215,6.13
216,6.13
217,3.0
218,6.13
219,4.15
220,6.13
221,6.13
222,3.64
223,3.64
224,4.15
225,4.67
226,8.62
227,7.15
228,3.64
229,6.76
230,6.13
231,6.13
232,7.81
233,1.17
234,6.13
235,4.7
236,4.15
237,6.13
238,7.15
239,7.81
240,3.32
241,4.67
242,4.15
243,6.13
244,6.01
245,4.15
246,0.82
247,4.67
248,6.13
249,2.7
250,3.64
251,4.15
252,6.13
253,4.15
254,3.64
255,6.13
256,6.13
257,1.17
258,4.67
259,6.76
260,6.13
261,4.15
262,4.15
263,7.81
264,7.81
265,1.17
266,6.13
267,7.81
268,4.15
269,6.76
270,3.64
271,7.81
272,6.13
273,1.17
274,4.15
275,6.13
276,3.64
277,7.81
278,0.82
279,8.29
280,8.95
281,3.64
282,6.13
283,3.64
284,6.13
285,4.67
286,3.0
287,6.13
288,3.64
289,6.13
290,0.82
291,3.64
292,4.15
293,6.13
294,8.62
295,6.13
296,3.64
297,8.62
298,0.88
299,4.15
300,4.15
301,6.13
302,6.13
303,4.15
304,3.64
305,2.7
306,6.13
307,3.64
308,0.0
309,7.81
310,2.7
311,4.49
312,7.81
313,3.64
314,1.17
315,8.53
316,7.81
317,3.64
318,8.62
319,4.7
320,1.17
321,7.82
322,6.13
323,2.7
324,1.17
325,4.15
326,6.13
327,8.62
328,3.64
329,3.64
330,6.13
331,0.0
332,4.15
333,3.64
334,4.15
335,6.13
336,0.0
337,6.13
338,8.62
339,8.95
340,6.07
341,0.82
342,6.13
343,6.13
344,7.81
345,4.15
346,6.13
347,7.82
348,3.64
349,4.7
350,6.76
351,0.82
352,2.59
353,4.15
354,3.64
355,6.13
356,7.82
357,7.15
358,6.76
359,7.81
360,8.29
361,6.13
362,4.15
363,4.15
364,0.47
365,2.7
366,6.13
367,6.13
368,7.15
369,4.15
370,4.67
371,6.07
372,6.13
373,3.64
374,0.0
375,2.7
376,6.13
377,6.13
378,4.67
379,7.15
380,6.76
381,6.1
382,6.13
383,6.13
384,6.76
385,4.15
386,6.13
387,3.64
388,3.64
389,7.81
390,0.0
391,4.15
392,1.17
393,7.81
394,8.62
395,1.17
396,4.67
397,4.15
398,3.64
399,7.15
400,6.13
401,6.13
402,3.64
403,3.64
404,4.15
405,6.13
406,7.15
407,7.15
408,4.15
409,1.17
410,0.46
411,4.15
412,1.17
413,3.64
414,7.82
415,0.09
416,8.88
417,6.13
418,7.82
419,6.13
420,6.13
421,6.13
422,1.17
423,6.13
424,6.76
425,3.64
426,4.67
427,4.15
428,6.13
429,2.7
430,0.0
431,6.76
432,3.64
433,4.67
434,6.13
435,6.13
436,2.5
437,8.95
438,8.95
439,4.15
440,6.13
441,4.15
442,6.76
443,8.62
444,6.13
445,6.13
446,7.15
447,3.64
448,3.64
449,8.95
450,3.64
451,0.0
452,2.7
453,4.67
454,4.67
455,4.67
456,4.15
457,6.13
458,6.13
459,7.81
460,1.17
461,8.62
462,6.13
463,6.13
464,0.0
465,4.15
466,7.81
467,6.13
468,4.67
469,1.17
470,6.13
471,9.25
472,4.15
473,4.15
474,8.62
475,4.15
476,7.81
477,3.64
478,1.17
479,7.81
480,6.13
481,4.15
482,3.64
483,3.64
484,6.13
485,4.15
486,6.13
487,8.62
488,7.81
489,4.15
490,6.13
491,6.07
492,7.81
493,6.13
494,1.17
495,3.0
496,6.13
497,2.7
498,0.0
499,3.0
500,4.15
501,3.64
502,8.62
503,1.17
504,3.64
505,4.15
506,4.15
507,3.64
508,6.76
509,7.81
510,6.13
511,3.64
512,1.17
513,6.13
514,4.67
515,8.95
516,6.13
517,7.81
518,6.76
519,4.67
520,4.15
521,3.64
522,4.15
523,6.13
524,8.62
525,7.81
526,8.62
527,4.67
528,6.13
529,3.64
530,7.15
531,7.81
532,4.67
533,3.64
534,1.17
535,4.67
536,4.15
537,4.15
538,0.0
539,0.0
540,4.67
541,4.15
542,8.95
543,3.64
544,1.17
545,6.07
546,6.76
547,3.64
548,2.7
549,0.0
550,1.17
551,7.81
552,6.13
553,3.64
554,6.13
555,6.13
556,0.0
557,4.15
558,0.82
559,2.7
560,7.81
561,6.07
562,3.64
563,3.64
564,7.15
565,7.81
566,2.7
567,6.13
568,6.13
569,6.13
570,6.13
571,1.17
572,0.0
573,4.67
574,4.15
575,1.17
576,1.17
577,6.13
578,3.64
579,4.15
580,4.67
581,6.13
582,6.13
583,6.13
584,0.0
585,6.13
586,8.62
587,0.21
588,6.13
589,6.13
590,4.15
591,1.17
592,6.13
593,3.64
594,7.82
595,1.53
596,6.13
597,7.81
598,4.15
599,3.64
600,7.81
601,8.62
602,4.15
603,2.7
604,8.62
605,7.82
606,6.13
607,7.82
608,7.15
609,4.15
610,6.13
611,4.15
612,6.13
613,2.7
614,6.9
615,0.82
616,4.15
617,8.53
618,1.17
619,3.64
620,1.17
621,6.13
622,1.17
623,6.13
624,8.95
625,3.64
626,7.81
627,6.13
628,2.7
629,4.15
630,6.89
631,6.13
632,4.67
633,0.97
634,1.17
635,6.13
636,6.13
637,2.7
638,4.15
639,4.15
640,4.67
641,4.58
642,3.64
643,3.64
644,4.15
645,7.15
646,4.15
647,8.62
648,8.53
649,1.17
650,6.76
651,8.62
652,7.81
653,6.13
654,6.13
655,4.15
656,8.29
657,4.15
658,7.81
659,1.17
660,6.13
661,8.62
662,4.15
663,3.64
664,0.0
665,6.13
666,4.15
667,3.64
668,6.13
669,6.76
670,7.81
671,6.76
672,4.15
673,8.62
674,7.81
675,0.82
676,6.76
677,0.82
678,6.13
679,6.13
680,3.64
681,3.64
682,4.15
683,7.81
684,3.64
685,6.13
686,7.82
687,4.67
688,6.13
689,4.15
690,8.88
691,7.81
692,1.17
693,6.13
694,3.64
695,4.67
696,6.07
697,6.13
698,6.76
699,6.13
700,4.0
701,3.64
702,2.7
703,0.0
704,4.7
705,4.15
706,3.64
707,3.64
708,6.13
709,1.17
710,7.81
711,4.67
712,6.13
713,6.76
714,7.81
715,3.64
716,6.13
717,1.17
718,3.64
719,7.82
720,6.13
721,8.88
722,7.82
723,6.13
724,7.81
725,2.7
726,6.13
727,7.82
728,6.13
729,4.15
730,6.13
731,4.67
732,4.67
733,8.29
734,3.64
735,6.07
736,1.17
737,4.15
738,6.13
739,6.13
740,9.25
741,1.17
742,3.64
743,4.67
744,7.81
745,6.13
746,4.15
747,6.13
748,3.64
749,8.62
750,4.67
751,7.81
752,8.62
753,6.13
754,4.15
755,0.34
756,4.67
757,3.64
758,0.0
759,6.13
760,4.15
761,0.0
762,6.76
763,3.64
764,3.0
765,6.76
766,3.0
767,7.81
768,4.67
769,6.13
770,6.13
771,4.67
772,1.17
773,3.64
774,9.45
775,3.64
776,6.07
777,2.7
778,7.81
779,8.95
780,6.13
781,4.67
782,6.13
783,4.15
784,6.13
785,6.76
786,8.53
787,6.76
788,4.7
789,3.64
790,7.81
791,4.67
792,0.82
793,3.64
794,6.13
795,3.64
796,4.15
797,6.13
798,3.64
799,1.17
800,7.81
801,7.81
802,6.76
803,3.64
804,9.45
805,4.15
806,0.82
807,3.0
808,4.15
809,6.76
810,4.67
811,4.15
812,6.13
813,6.13
814,6.13
815,7.82
816,7.81
817,6.13
818,6.13
819,6.76
820,6.13
821,6.13
822,7.81
823,2.7
824,6.13
825,0.0
826,4.15
827,3.64
828,6.13
829,7.81
830,6.76
831,4.15
832,2.7
833,4.15
834,6.53
835,6.76
836,7.81
837,7.82
838,6.76
839,3.64
840,6.13
841,4.15
842,6.13
843,6.13
844,0.82
845,6.13
846,3.0
847,4.67
848,3.64
849,3.64
850,4.15
851,3.64
852,4.15
853,7.82
854,2.7
855,6.13
856,8.95
857,3.64
858,7.81
859,6.07
860,7.81
861,2.7
862,4.67
863,0.82
864,5.09
865,6.13
866,6.13
867,6.76
868,2.7
869,4.15
870,1.17
871,6.13
872,4.67
873,3.0
874,7.82
875,8.62
876,6.13
877,1.17
878,1.17
879,6.13
880,6.13
881,0.21
882,4.67
883,7.81
884,4.7
885,0.82
886,6.13
887,8.62
888,3.64
889,6.76
890,7.81
891,2.7
892,4.15
893,8.62
894,4.15
895,4.15
896,4.15
897,6.13
898,7.81
899,7.81
900,4.67
901,1.17
902,6.13
903,6.13
904,3.64
905,7.15
906,3.86
907,6.13
908,3.75
909,1.17
910,3.64
911,6.13
912,3.64
913,2.7
914,4.15
915,7.82
916,6.13
917,7.15
918,8.62
919,3.64
920,6.76
921,6.13
922,6.13
923,3.64
924,4.67
925,6.76
926,4.15
927,7.81
928,6.07
929,3.64
930,7.82
931,7.15
932,3.64
933,4.15
934,3.0
935,3.64
936,4.15
937,6.13
938,8.62
939,7.82
940,2.7
941,6.13
942,4.15
943,6.13
944,7.81
945,4.15
946,6.13
947,7.82
948,6.13
949,1.17
950,6.13
951,1.17
952,8.62
953,4.7
954,6.13
955,6.13
956,4.15
957,3.64
958,7.81
959,4.15
960,4.67
961,2.7
962,8.62
963,2.7
964,6.13
965,8.62
966,1.17
967,6.13
968,6.13
969,6.13
970,4.15
971,4.15
972,7.81
973,1.17
974,4.15
975,6.13
976,7.81
977,7.15
978,6.13
979,6.07
980,6.13
981,6.13
982,7.82
983,0.0
984,6.13
985,1.17
986,1.17
987,4.15
988,4.67
989,6.13
990,2.7
991,6.76
992,4.67
993,4.15
994,4.7
995,9.2
996,6.13
997,6.13
998,4.67
999,3.64
1000,7.15
1001,2.7
1002,2.7
1003,6.76
1004,4.67
1005,4.67
1006,4.15
1007,7.82
1008,4.15
1009,6.13
1010,3.64
1011,6.76
1012,4.15
1013,6.13
1014,4.15
1015,4.15
1016,8.95
1017,6.13
1018,3.64
1019,4.15
1020,4.15
1021,9.25
1022,2.5
1023,4.67
1024,4.67
1025,3.64
1026,4.15
1027,6.13
1028,4.67
1029,3.64
1030,3.64
1031,6.13
1032,8.95
1033,4.15
1034,7.81
1035,2.7
1036,1.17
1037,3.64
1038,4.15
1039,4.67
1040,4.67
1041,1.17
1042,2.7
1043,6.13
1044,7.15
1045,1.17
1046,0.0
1047,9.45
1048,1.17
1049,2.7
1050,7.15
1051,2.7
1052,3.64
1053,7.81
1054,1.17
1055,8.95
1056,7.81
1057,6.13
1058,7.15
1059,0.0
1060,8.62
1061,3.64
1062,6.76
1063,4.15
1064,6.13
1065,6.13
1066,1.17
1067,4.15
1068,7.81
1069,2.7
1070,7.82
1071,6.13
1072,9.45
1073,4.67
1074,6.13
1075,6.13
1076,3.64
1077,7.81
1078,6.13
1079,6.13
1080,6.13
1081,1.17
1082,4.15
1083,6.13
1084,6.13
1085,3.64
1086,8.53
1087,6.13
1088,7.15
1089,7.15
1090,7.15
1091,6.13
1092,6.13
1093,1.17
1094,6.13
1095,1.17
1096,4.67
1097,2.7
1098,4.67
1099,6.13
1100,0.0
1101,6.13
1102,0.1
1103,6.13
1104,7.15
1105,6.13
1106,7.81
1107,6.13
1108,6.13
1109,1.17
1110,6.07
1111,3.64
1112,4.7
1113,6.13
1114,4.15
1115,8.62
1116,2.7
1117,4.15
1118,3.64
1119,4.15
1120,7.81
1121,4.67
1122,6.13
1123,6.76
1124,6.07
1125,6.13
1126,7.82
1127,0.82
1128,4.67
1129,3.64
1130,2.7
1131,6.76
1132,8.62
1133,1.17
1134,6.13
1135,6.13
1136,9.45
1137,6.07
1138,4.15
1139,5.88
1140,2.7
1141,7.81
1142,3.64
1143,1.17
1144,6.13
1145,4.15
1146,3.64
1147,0.82
1148,4.67
1149,8.62
1150,2.5
1151,4.15
1152,4.7
1153,4.67
1154,8.62
1155,0.0
1156,6.76
1157,6.07
1158,2.19
1159,6.13
1160,3.64
1161,2.7
1162,2.7
1163,4.15
1164,4.67
1165,7.15
1166,3.64
1167,6.13
1168,6.13
1169,7.15
1170,6.13
1171,4.15
1172,2.7
1173,3.64
1174,6.13
1175,6.13
1176,2.7
1177,6.13
1178,4.7
1179,3.64
1180,6.13
1181,4.67
1182,6.13
1183,7.82
1184,6.13
1185,7.81
1186,3.0
1187,9.25
1188,6.13
1189,0.82
1190,6.13
1191,6.13
1192,2.7
1193,4.15
1194,0.0
1195,7.81
1196,3.64
1197,6.13
1198,6.13
1199,6.13
1200,4.67
1201,4.15
1202,3.64
1203,6.13
1204,4.15
1205,6.13
1206,8.62
1207,1.17
1208,8.53
1209,4.15
1210,7.81
1211,2.68
1212,7.81
1213,7.81
1214,3.64
1215,3.64
1216,6.13
1217,6.13
1218,4.7
1219,7.81
1220,1.17
1221,6.13
1222,7.82
1223,6.13
1224,4.15
1225,1.17
1226,7.81
1227,6.07
1228,6.13
1229,4.67
1230,4.15
1231,4.7
1232,8.62
1233,3.64
1234,7.81
1235,3.64
1236,3.64
1237,7.15
1238,6.76
1239,6.13
1240,3.64
1241,7.82
1242,4.15
1243,6.13
1244,6.76
1245,2.7
1246,8.62
1247,3.64
1248,9.45
1249,6.13
1250,6.13
1251,6.13
1252,8.62
1253,6.13
1254,6.13
1255,7.81
1256,3.0
1257,4.15
1258,7.81
1259,6.76
1260,6.07
1261,3.64
1262,4.67
1263,3.0
1264,6.13
1265,3.0
1266,0.9
1267,6.13
1268,6.13
1269,6.13
1270,6.13
1271,3.64
1272,6.13
1273,7.82
1274,6.13
1275,4.15
1276,2.7
1277,6.13
1278,4.15
1279,3.0
1280,3.64
1281,7.81
1282,8.62
1283,8.62
1284,3.0
1285,7.81
1286,6.07
1287,1.17
1288,3.64
1289,6.13
1290,4.67
1291,4.15
1292,1.17
1293,4.15
1294,6.13
1295,1.17
1296,1.17
1297,6.76
1298,3.64
1299,4.67
1300,3.64
1301,7.81
1302,6.13
1303,4.67
1304,6.76
1305,7.15
1306,4.15
1307,0.0
1308,0.0
1309,0.0
1310,4.44
1311,3.64
1312,4.15
1313,8.88
1314,6.13
1315,8.95
1316,3.64
1317,6.13
1318,8.62
1319,6.13
1320,4.67
1321,1.17
1322,0.0
1323,6.13
1324,4.15
1325,4.7
1326,4.15
1327,4.67
1328,6.13
1329,3.64
1330,6.07
1331,6.13
1332,6.07
1333,0.0
1334,4.67
1335,4.15
1336,8.95
1337,6.13
1338,7.81
1339,6.11
1340,6.76
1341,0.0
1342,1.17
1343,6.13
1344,4.15
1345,2.7
1346,4.15
1347,6.76
1348,3.64
1349,2.7
1350,7.82
1351,4.15
1352,7.82
1353,6.13
1354,7.81
1355,8.29
1356,6.13
1357,3.64
1358,3.71
1359,7.81
1360,3.64
1361,4.15
1362,3.64
1363,3.64
1364,3.0
1365,6.13
1366,4.67
1367,3.0
1368,4.67
1369,3.64
1370,6.13
1371,4.15
1372,1.17
1373,4.7
1374,6.13
1375,8.62
1376,2.7
1377,1.17
1378,7.15
1379,4.67
1380,4.67
1381,3.64
1382,4.15
1383,7.15
1384,6.76
1385,1.17
1386,6.13
1387,7.15
1388,4.67
1389,8.62
1390,4.15
1391,6.76
1392,4.15
1393,6.13
1394,7.81
1395,4.15
1396,2.7
1397,6.13
1398,6.13
1399,3.64
1400,4.15
1401,2.7
1402,0.82
1403,4.15
1404,6.13
1405,6.07
1406,6.76
1407,6.13
1408,3.64
1409,4.67
1410,2.7
1411,6.13
1412,4.15
1413,3.64
1414,6.07
1415,3.64
1416,1.17
1417,7.81
1418,8.95
1419,1.17
1420,7.15
1421,1.17
1422,8.62
1423,6.13
1424,6.13
1425,7.82
1426,3.64
1427,1.17
1428,1.17
1429,6.07
1430,6.13
1431,0.0
1432,6.13
1433,4.15
1434,4.15
1435,6.13
1436,4.86
1437,3.64
1438,6.13
1439,6.07
1440,1.17
1441,7.81
1442,7.81
1443,6.76
1444,6.13
1445,4.15
1446,8.62
1447,7.81
1448,7.81
1449,8.62
1450,3.64
1451,4.15
1452,6.13
1453,8.53
1454,6.13
1455,9.45
1456,4.67
1457,1.17
1458,2.7
1459,2.7
1460,2.7
1461,6.13
1462,8.62
1463,6.13
1464,4.67
1465,3.64
1466,3.64
1467,4.15
1468,2.7
1469,2.7
1470,1.17
1471,3.64
1472,4.7
1473,3.64
1474,7.82
1475,2.7
1476,6.13
1477,8.62
1478,4.15
1479,4.15
1480,2.7
1481,0.0
1482,3.64
1483,4.15
1484,7.81
1485,3.64
1486,7.81
1487,6.13
1488,4.15
1489,8.95
1490,3.64
1491,7.81
1492,6.13
1493,6.13
1494,7.81
1495,8.62
1496,8.62
1497,7.81
1498,4.7
1499,6.13
1500,8.95
1501,6.13
1502,4.15
1503,6.13
1504,3.64
1505,6.13
1506,3.64
1507,4.15
1508,4.67
1509,4.15
1510,6.13
1511,4.15
1512,3.64
1513,1.17
1514,6.13
1515,7.82
1516,0.0
1517,0.21
1518,4.67
1519,1.17
1520,7.81
1521,1.17
1522,6.13
1523,4.67
1524,1.17
1525,6.13
1526,0.0
1527,6.13
1528,8.95
1529,4.67
1530,3.64
1531,6.76
1532,4.67
1533,7.15
1534,7.82
1535,6.13
1536,3.64
1537,4.41
1538,8.62
1539,6.13
1540,6.13
1541,4.12
1542,6.13
1543,1.17
1544,6.13
1545,0.82
1546,6.13
1547,4.67
1548,3.64
1549,0.0
1550,7.81
1551,6.13
1552,2.7
1553,4.15
1554,6.76
1555,8.62
1556,6.13
1557,6.13
1558,4.15
1559,6.13
1560,6.13
1561,7.15
1562,3.92
1563,8.95
1564,4.7
1565,6.13
1566,6.07
1567,7.81
1568,6.13
1569,6.13
1570,1.17
1571,3.64
1572,8.62
1573,7.81
1574,7.82
1575,6.13
1576,6.13
1577,4.15
1578,1.17
1579,1.17
1580,6.13
1581,8.62
1582,7.15
1583,6.13
1584,9.45
1585,6.13
1586,4.15
1587,2.07
1588,3.64
1589,6.13
1590,6.13
1591,6.13
1592,2.7
1593,6.13
1594,6.07
1595,3.64
1596,9.45
1597,8.62
1598,1.17
1599,4.15
1600,8.62
1601,2.7
1602,6.13
1603,4.67
1604,6.13
1605,3.64
1606,8.95
1607,1.17
1608,6.76
1609,2.7
1610,3.64
1611,2.7
1612,8.62
1613,3.64
1614,1.17
1615,4.15
1616,7.81
1617,6.13
1618,1.17
1619,3.64
1620,8.62
1621,7.81
1622,3.64
1623,4.15
1624,4.67
1625,6.13
1626,7.81
1627,6.13
1628,1.17
1629,4.15
1630,7.15
1631,7.82
1632,6.76
1633,9.45
1634,0.82
1635,4.15
1636,4.15
1637,4.15
1638,1.17
1639,4.15
1640,6.13
1641,7.81
1642,2.7
1643,3.64
1644,4.15
1645,0.0
1646,3.64
1647,3.64
1648,3.64
1649,7.15
1650,6.13
1651,1.17
1652,6.13
1653,3.64
1654,6.13
1655,4.15
1656,7.81
1657,6.76
1658,6.13
1659,4.15
1660,6.13
1661,6.13
1662,6.76
1663,6.76
1664,4.15
1665,6.76
1666,4.15
1667,1.17
1668,1.17
1669,6.13
1670,4.15
1671,4.15
1672,3.64
1673,0.0
1674,6.76
1675,3.64
1676,1.17
1677,7.81
1678,8.62
1679,2.7
1680,3.64
1681,4.67
1682,4.15
1683,3.64
1684,4.15
1685,6.13
1686,6.13
1687,6.13
1688,2.7
1689,4.15
1690,8.62
1691,6.13
1692,6.13
1693,1.17
1694,2.7
1695,3.64
1696,6.13
1697,6.76
1698,3.64
1699,4.7
1700,6.13
1701,1.17
1702,1.17
1703,6.13
1704,3.64
1705,4.15
1706,3.64
1707,7.81
1708,2.7
1709,1.17
1710,7.81
1711,8.62
1712,4.15
1713,4.15
1714,6.13
1715,2.7
1716,8.62
1717,1.17
1718,6.13
1719,4.67
1720,6.13
1721,4.15
1722,8.62
1723,0.82
1724,3.64
1725,6.13
1726,6.13
1727,6.13
1728,6.13
1729,7.81
1730,3.64
1731,6.07
1732,4.15
1733,6.13
1734,4.67
1735,4.15
1736,6.13
1737,3.64
1738,6.13
1739,4.67
1740,3.64
1741,7.81
1742,4.15
1743,8.62
1744,6.13
1745,4.15
1746,3.64
1747,4.15
1748,4.15
1749,4.15
1750,6.13
1751,6.13
1752,6.13
1753,2.7
1754,7.81
1755,4.15
1756,4.15
1757,4.67
1758,4.15
1759,3.64
1760,6.13
1761,7.82
1762,8.62
1763,3.64
1764,2.7
1765,2.7
1766,4.67
1767,7.81
1768,3.64
1769,6.07
1770,4.67
1771,2.5
1772,6.13
1773,3.0
1774,6.13
1775,4.67
1776,1.17
1777,8.29
1778,6.13
1779,9.13
1780,2.7
1781,6.07
1782,3.64
1783,4.15
1784,6.07
1785,4.15
1786,1.17
1787,4.7
1788,8.95
1789,4.15
1790,4.67
1791,2.7
1792,9.45
1793,3.64
1794,7.81
1795,6.13
1796,0.0
1797,7.15
1798,7.15
1799,4.15
1800,0.0
1801,6.13
1802,0.76
1803,6.76
1804,1.17
1805,8.62
1806,8.62
1807,6.13
1808,1.17
1809,8.53
1810,0.78
1811,3.53
1812,3.64
1813,8.62
1814,3.64
1815,6.13
1816,4.15
1817,7.81
1818,3.64
1819,3.64
1820,6.13
1821,6.13
1822,2.7
1823,3.64
1824,3.64
1825,5.56
1826,6.13
1827,4.15
1828,6.13
1829,6.13
1830,4.15
1831,4.67
1832,6.07
1833,7.81
1834,7.81
1835,8.88
1836,4.67
1837,4.15
1838,8.62
1839,6.76
1840,6.07
1841,6.13
1842,6.13
1843,6.13
1844,9.25
1845,0.0
1846,2.65
1847,6.13
1848,4.15
1849,7.15
1850,6.13
1851,2.7
1852,3.64
1853,6.13
1854,4.15
1855,6.13
1856,0.0
1857,3.64
1858,6.13
1859,3.64
1860,1.17
1861,3.64
1862,7.15
1863,8.62
1864,1.17
1865,4.15
1866,7.81
1867,3.64
1868,6.13
1869,7.82
1870,4.15
1871,6.13
1872,3.64
1873,0.0
1874,6.13
1875,3.64
1876,6.13
1877,7.81
1878,4.15
1879,2.7
1880,6.13
1881,2.7
1882,6.13
1883,3.64
1884,6.07
1885,3.64
1886,6.13
1887,1.17
1888,6.13
1889,1.17
1890,0.0
1891,6.13
1892,1.17
1893,3.64
1894,3.64
1895,4.67
1896,3.64
1897,6.76
1898,6.13
1899,7.82
1900,4.7
1901,6.13
1902,7.82
1903,6.76
1904,7.81
1905,6.13
1906,2.7
1907,7.81
1908,4.67
1909,4.15
1910,7.15
1911,3.64
1912,4.15
1913,0.82
1914,1.17
1915,4.67
1916,4.15
1917,9.45
1918,7.81
1919,4.15
1920,6.13
1921,6.76
1922,3.64
1923,8.53
1924,8.62
1925,6.13
1926,6.76
1927,7.81
1928,4.15
1929,7.82
1930,1.17
1931,4.15
1932,7.82
1933,6.13
1934,4.67
1935,0.0
1936,6.13
1937,4.67
1938,6.13
1939,6.13
1940,1.17
1941,0.82
1942,6.13
1943,6.13
1944,9.45
1945,6.13
1946,1.17
1947,2.7
1948,1.17
1949,1.17
1950,4.07
1951,7.81
1952,7.81
1953,3.64
1954,2.7
1955,8.62
1956,7.81
1957,3.64
1958,4.15
1959,7.81
1960,3.64
1961,3.64
1962,0.51
1963,3.0
1964,6.13
1965,6.76
1966,2.7
1967,6.13
1968,7.81
1969,4.15
1970,0.0
1971,6.13
1972,3.64
1973,7.82
1974,6.13
1975,0.0
1976,1.17
1977,6.13
1978,4.7
1979,6.13
1980,4.15
1981,6.13
1982,6.76
1983,3.64
1984,1.17
1985,2.7
1986,3.64
1987,6.13
1988,7.81
1989,1.17
1990,7.15
1991,8.95
1992,6.13
1993,6.13
1994,4.15
1995,3.64
1996,2.5
1997,4.15
1998,6.13
1999,4.67
2000,4.67
2001,4.15
2002,7.15
2003,6.13
2004,4.67
2005,6.13
2006,6.13
2007,7.81
2008,6.13
2009,1.17
2010,6.13
2011,7.81
2012,6.13
2013,3.64
2014,1.17
2015,4.15
2016,4.67
2017,6.13
2018,6.13
2019,6.13
2020,0.82
2021,8.62
2022,1.17
2023,0.0
2024,4.67
2025,6.13
2026,3.64
2027,3.64
2028,6.13
2029,2.7
2030,1.17
2031,1.17
2032,2.7
2033,4.15
2034,4.15
2035,6.13
2036,3.64
2037,3.0
2038,0.82
2039,4.67
2040,7.81
2041,8.62
2042,8.53
2043,7.15
2044,7.81
2045,7.81
2046,7.81
2047,8.95
2048,6.13
2049,6.07
2050,4.15
2051,3.64
2052,4.15
2053,6.13
2054,7.82
2055,6.13
2056,6.13
2057,6.76
2058,3.64
2059,6.13
2060,2.7
2061,1.17
2062,2.7
2063,6.76
2064,4.15
2065,7.81
2066,4.67
2067,6.13
2068,1.17
2069,9.45
2070,6.13
2071,7.82
2072,1.17
2073,2.7
2074,4.67
2075,6.13
2076,3.64
2077,6.13
2078,2.7
2079,6.13
2080,3.64
2081,6.07
2082,6.13
2083,6.13
2084,0.0
2085,0.0
2086,1.17
2087,2.7
2088,7.81
2089,6.13
2090,7.82
2091,4.15
2092,4.15
2093,4.67
2094,3.0
2095,6.13
2096,3.64
2097,4.15
2098,3.64
2099,1.17
2100,8.95
2101,3.64
2102,7.81
2103,0.48
2104,4.15
2105,8.95
2106,0.0
2107,6.13
2108,3.64
2109,6.13
2110,2.7
2111,7.81
2112,3.64
2113,4.67
2114,6.13
2115,1.17
2116,6.13
2117,3.64
2118,4.15
2119,3.64
2120,0.82
2121,2.7
2122,4.67
2123,6.13
2124,7.15
2125,6.13
2126,1.17
2127,6.76
2128,3.64
2129,4.67
2130,3.64
2131,4.15
2132,6.13
2133,3.64
2134,6.13
2135,4.67
2136,1.17
2137,3.0
2138,6.76
2139,6.13
2140,3.64
2141,1.14
2142,7.81
2143,6.13
2144,0.0
2145,7.8
2146,1.17
2147,6.13
2148,1.17
2149,3.64
2150,4.67
2151,7.81
2152,6.13
2153,7.81
2154,3.64
2155,8.62
2156,9.25
2157,1.49
2158,3.64
2159,4.15
2160,4.67
2161,7.81
2162,4.67
2163,3.64
2164,7.82
2165,2.7
2166,4.7
2167,6.13
2168,7.81
2169,1.53
2170,0.82
2171,3.64
2172,7.81
2173,6.13
2174,6.13
2175,7.82
2176,0.0
2177,7.81
2178,3.64
2179,7.82
2180,7.15
2181,6.13
2182,7.15
2183,6.76
2184,3.64
2185,4.67
2186,2.7
2187,4.15
2188,7.81
2189,6.76
2190,4.67
2191,6.13
2192,4.15
2193,3.64
2194,1.17
2195,1.17
2196,4.67
2197,3.64
2198,4.15
2199,6.13
2200,6.13
2201,4.67
2202,4.15
2203,7.81
2204,7.81
2205,4.67
2206,6.13
2207,6.13
2208,7.81
2209,6.76
2210,8.62
2211,3.0
2212,4.15
2213,1.17
2214,6.13
2215,6.13
2216,6.13
2217,3.64
2218,6.13
2219,0.0
2220,6.13
2221,4.67
2222,7.15
2223,7.82
2224,4.15
2225,2.7
2226,4.67
2227,4.67
2228,4.15
2229,4.15
2230,6.13
2231,4.67
2232,1.17
2233,3.64
2234,6.13
2235,4.15
2236,4.15
2237,1.17
2238,6.76
2239,4.15
2240,1.17
2241,2.7
2242,1.17
2243,1.17
2244,3.64
2245,3.0
2246,6.13
2247,9.45
2248,6.76
2249,1.17
2250,1.17
2251,0.82
2252,4.15
2253,3.64
2254,1.17
2255,2.7
2256,0.0
2257,3.64
2258,4.67
2259,4.67
2260,3.64
2261,0.0
2262,4.68
2263,6.13
2264,8.62
2265,4.15
2266,1.17
2267,1.17
2268,7.82
2269,8.62
2270,6.13
2271,6.13
2272,4.15
2273,6.13
2274,8.62
2275,1.17
2276,6.13
2277,4.67
2278,3.64
2279,4.15
2280,8.95
2281,4.67
2282,6.13
2283,2.7
2284,6.13
2285,3.64
2286,1.17
2287,6.76
2288,6.13
2289,4.15
2290,3.64
2291,4.15
2292,4.67
2293,4.15
2294,6.13
2295,3.0
2296,1.17
2297,3.64
2298,6.13
2299,6.76
2300,6.76
2301,3.37
2302,6.13
2303,7.81
2304,2.7
2305,7.15
2306,1.17
2307,3.64
2308,4.15
2309,1.17
2310,3.64
2311,2.7
2312,4.15
2313,2.7
2314,3.64
2315,6.13
2316,3.64
2317,4.67
2318,3.64
2319,7.81
2320,0.0
2321,7.81
2322,7.15
2323,4.15
2324,3.64
2325,6.13
2326,4.67
2327,6.13
2328,2.62
2329,1.17
2330,4.67
2331,4.67
2332,7.15
2333,4.15
2334,3.64
2335,6.13
2336,7.81
2337,9.45
2338,6.13
2339,8.62
2340,1.17
2341,2.7
2342,6.13
2343,7.82
2344,3.64
2345,4.15
2346,1.17
2347,2.7
2348,6.13
2349,4.15
2350,1.17
2351,3.64
2352,4.15
2353,0.82
2354,0.0
2355,6.13
2356,4.15
2357,1.17
2358,6.07
2359,6.07
2360,6.13
2361,3.64
2362,4.67
2363,8.62
2364,8.62
2365,6.13
2366,7.82
2367,8.95
2368,4.15
2369,1.17
2370,2.7
2371,6.13
2372,3.64
2373,1.17
2374,3.64
2375,6.13
2376,4.15
2377,6.76
2378,1.17
2379,3.64
2380,7.15
2381,6.13
2382,1.15
2383,6.07
2384,1.17
2385,6.13
2386,3.64
2387,4.15
2388,1.17
2389,4.28
2390,6.13
2391,6.76
2392,4.05
2393,6.13
2394,6.13
2395,1.17
2396,7.82
2397,8.62
2398,4.15
2399,3.64
2400,4.82
2401,7.82
2402,1.17
2403,6.13
2404,3.64
2405,6.13
2406,0.82
2407,9.45
2408,2.7
2409,6.13
2410,4.15
2411,4.67
2412,4.15
2413,4.67
2414,4.67
2415,8.62
2416,2.48
2417,7.81
2418,6.76
2419,4.15
2420,6.13
2421,6.13
2422,6.13
2423,6.76
2424,1.17
2425,2.7
2426,2.7
2427,6.13
2428,6.13
2429,2.7
2430,7.81
2431,3.64
2432,7.81
2433,6.76
2434,3.64
2435,1.17
2436,6.13
2437,1.12
2438,6.13
2439,7.82
2440,4.15
2441,6.76
2442,4.15
2443,0.82
2444,2.7
2445,4.15
2446,4.15
2447,1.17
2448,1.17
2449,6.13
2450,3.64
2451,4.15
2452,6.13
2453,1.17
2454,4.15
2455,3.64
2456,3.64
2457,2.7
2458,6.13
2459,6.76
2460,6.13
2461,6.13
2462,7.81
2463,0.0
2464,8.29
2465,7.81
2466,4.15
2467,6.13
2468,6.13
2469,4.15
2470,6.13
2471,1.17
2472,4.67
2473,3.65
2474,8.62
2475,1.17
2476,3.64
2477,4.15
2478,3.0
2479,6.13
2480,1.17
2481,1.17
2482,3.64
2483,8.29
2484,4.7
2485,4.67
2486,4.15
2487,8.95
2488,3.64
2489,4.15
2490,3.64
2491,6.13
2492,3.64
2493,8.62
2494,7.81
2495,6.13
2496,4.67
2497,6.76
2498,0.0
2499,4.15
2500,4.15
2501,3.64
2502,7.81
2503,1.17
2504,4.15
2505,6.13
2506,7.82
2507,4.15
2508,6.13
2509,8.62
2510,1.17
2511,6.13
2512,6.13
2513,2.7
2514,1.17
2515,3.64
2516,3.0
2517,2.5
2518,1.17
2519,2.7
2520,7.81
2521,7.82
2522,8.62
2523,6.13
2524,7.81
2525,4.98
2526,3.64
2527,3.64
2528,3.64
2529,4.15
2530,6.13
2531,6.13
2532,4.15
2533,3.64
2534,6.76
2535,1.0
2536,8.62
2537,6.76
2538,6.13
2539,7.81
2540,3.64
2541,6.13
2542,0.08
2543,0.0
2544,4.15
2545,3.64
2546,2.7
2547,4.15
2548,1.17
2549,4.15
2550,6.13
2551,2.7
2552,3.64
2553,0.82
2554,7.82
2555,3.0
2556,4.15
2557,6.13
2558,3.64
2559,6.13
2560,4.67
2561,3.64
2562,4.15
2563,6.13
2564,6.13
2565,3.64
2566,4.15
2567,7.82
2568,6.13
2569,4.15
2570,8.53
2571,1.17
2572,8.62
2573,2.7
2574,6.13
2575,7.81
2576,6.76
2577,7.81
2578,8.62
2579,4.15
2580,6.13
2581,1.17
2582,6.13
2583,4.15
2584,6.07
2585,3.64
2586,6.76
2587,7.81
2588,3.64
2589,6.13
2590,8.62
2591,6.13
2592,4.15
2593,6.13
2594,6.13
2595,0.0
2596,6.13
2597,3.0
2598,0.8
2599,6.76
2600,4.15
2601,8.62
2602,4.15
2603,1.17
2604,3.64
2605,4.67
2606,7.81
2607,6.76
2608,8.53
2609,6.13
2610,6.07
2611,6.13
2612,4.67
2613,4.15
2614,6.13
2615,1.17
2616,8.62
2617,6.13
2618,7.81
2619,4.15
2620,3.0
2621,4.15
2622,6.11
2623,6.07
2624,2.7
2625,3.64
2626,7.15
2627,2.7
2628,6.13
2629,3.64
2630,1.17
2631,7.82
2632,8.95
2633,0.82
2634,4.67
2635,7.81
2636,3.64
2637,2.7
2638,3.64
2639,1.17
2640,3.64
2641,6.13
2642,7.81
2643,3.64
2644,4.67
2645,4.15
2646,4.67
2647,4.15
2648,6.76
2649,3.64
2650,6.13
2651,4.7
2652,8.62
2653,6.13
2654,6.13
2655,6.13
2656,3.64
2657,6.13
2658,4.7
2659,4.67
2660,7.15
2661,6.13
2662,1.17
2663,8.95
2664,7.81
2665,1.17
2666,6.13
2667,6.13
2668,6.13
2669,9.45
2670,6.13
2671,6.76
2672,7.81
2673,0.0
2674,6.13
2675,7.81
2676,3.64
2677,8.62
2678,4.67
2679,6.13
2680,1.17
2681,0.61
2682,8.62
2683,0.0
2684,4.15
2685,7.82
2686,6.13
2687,8.95
2688,0.0
2689,8.62
2690,6.07
2691,6.13
2692,3.64
2693,3.64
2694,6.13
2695,1.17
2696,7.81
2697,7.82
2698,6.13
2699,6.13
2700,7.82
2701,2.7
2702,6.13
2703,2.7
2704,1.17
2705,1.17
2706,1.17
2707,6.13
2708,4.7
2709,6.76
2710,6.13
2711,1.17
2712,0.82
2713,4.15
2714,4.15
2715,0.0
2716,3.64
2717,6.13
2718,6.13
2719,7.81
2720,4.15
2721,1.17
2722,0.82
2723,4.7
2724,4.15
2725,6.13
2726,6.13
2727,7.15
2728,4.15
2729,6.13
2730,7.82
2731,3.64
2732,0.0
2733,3.64
2734,6.13
2735,4.67
2736,6.13
2737,1.17
2738,6.76
2739,4.15
2740,4.15
2741,7.82
2742,8.62
2743,6.13
2744,9.45
2745,3.64
2746,3.64
2747,4.15
2748,4.15
2749,8.62
2750,3.64
2751,1.26
2752,4.15
2753,2.7
2754,6.13
2755,8.95
2756,1.17
2757,7.82
2758,3.64
2759,7.15
2760,3.64
2761,7.81
2762,3.0
2763,4.15
2764,6.13
2765,6.13
2766,6.13
2767,7.15
2768,3.64
2769,4.67
2770,8.4
2771,6.76
2772,4.15
2773,8.62
2774,4.15
2775,7.81
2776,3.64
2777,3.64
2778,4.15
2779,1.17
2780,6.13
2781,0.0
2782,6.13
2783,3.64
2784,4.15
2785,6.13
2786,6.13
2787,8.62
2788,0.63
2789,1.17
2790,4.7
2791,6.13
2792,6.13
2793,8.62
2794,4.67
2795,3.64
2796,2.7
2797,8.95
2798,1.17
2799,6.13
2800,4.67
2801,0.0
2802,2.7
2803,4.15
2804,7.15
2805,2.7
2806,1.17
2807,4.15
2808,3.64
2809,6.13
2810,4.67
2811,7.81
2812,4.15
2813,3.64
2814,4.15
2815,3.64
2816,3.64
2817,8.62
2818,4.15
2819,4.67
2820,4.15
2821,9.45
2822,1.17
2823,8.62
2824,0.0
2825,7.15
2826,4.7
2827,0.71
2828,3.64
2829,7.81
2830,1.17
2831,7.81
2832,4.15
2833,2.7
2834,8.62
2835,6.13
2836,6.13
2837,4.67
2838,7.82
2839,6.13
2840,3.64
2841,3.64
2842,6.13
2843,4.15
2844,0.0
2845,1.17
2846,8.95
2847,6.13
2848,1.17
2849,1.17
2850,6.13
2851,4.15
2852,3.0
2853,6.13
2854,8.95
2855,6.13
2856,6.13
2857,0.0
2858,6.13
2859,7.81
2860,3.64
2861,8.53
2862,8.88
2863,3.64
2864,1.17
2865,6.13
2866,2.7
2867,3.64
2868,0.0
2869,6.13
2870,6.08
2871,3.64
2872,6.13
2873,7.81
2874,4.15
2875,4.15
2876,3.64
2877,4.15
2878,6.76
2879,3.64
2880,3.64
2881,7.82
2882,6.13
2883,3.64
2884,6.13
2885,6.76
2886,4.67
2887,6.13
2888,1.17
2889,6.13
2890,6.13
2891,3.64
2892,8.95
2893,3.64
2894,6.13
2895,6.13
2896,9.25
2897,3.64
2898,6.13
2899,8.55
2900,6.13
2901,6.13
2902,3.64
2903,6.13
2904,4.67
2905,8.62
2906,7.81
2907,7.82
2908,4.15
2909,8.62
2910,3.64
2911,0.92
2912,4.15
2913,3.64
2914,6.13
2915,7.81
2916,6.13
2917,6.13
2918,6.13
2919,4.25
2920,4.15
2921,0.0
2922,8.95
2923,0.0
2924,4.7
2925,6.76
2926,6.07
2927,6.13
2928,4.15
2929,4.15
2930,1.17
2931,6.13
2932,4.15
2933,1.17
2934,6.13
2935,4.7
2936,0.0
2937,6.13
2938,1.17
2939,3.64
2940,6.13
2941,6.13
2942,4.7
2943,4.15
2944,6.13
2945,2.7
2946,1.17
2947,1.17
2948,4.15
2949,3.64
2950,6.13
2951,7.82
2952,3.64
2953,6.13
2954,3.64
2955,6.13
2956,3.64
2957,4.15
2958,6.13
2959,3.64
2960,6.07
2961,7.82
2962,3.64
2963,4.15
2964,8.95
2965,2.7
2966,1.17
2967,1.17
2968,0.82
2969,6.13
2970,6.13
2971,6.13
2972,7.15
2973,4.67
2974,4.15
2975,1.17
2976,2.7
2977,4.7
2978,6.07
2979,7.81
2980,8.62
2981,6.76
2982,6.13
2983,7.81
2984,6.13
2985,6.76
2986,3.64
2987,6.13
2988,4.67
2989,6.07
2990,3.64
2991,6.13
2992,7.15
2993,6.12
2994,7.81
2995,6.13
2996,3.64
2997,6.07
2998,2.7
2999,1.17
3000,6.13
3001,6.13
3002,6.76
3003,6.76
3004,4.15
3005,8.53
3006,7.15
3007,6.13
3008,4.15
3009,6.76
3010,4.67
3011,6.13
3012,6.13
3013,6.13
3014,7.82
3015,0.82
3016,3.64
3017,4.15
3018,6.13
3019,4.67
3020,7.82
3021,4.67
3022,4.15
3023,6.13
3024,3.64
3025,7.15
3026,4.7
3027,2.7
3028,7.81
3029,7.81
3030,3.64
3031,3.64
3032,3.64
3033,3.64
3034,7.81
3035,0.66
3036,4.15
3037,1.17
3038,8.62
3039,7.81
3040,6.76
3041,6.13
3042,3.0
3043,6.13
3044,3.64
3045,3.64
3046,6.76
3047,3.64
3048,6.07
3049,1.17
3050,6.13
3051,6.07
3052,6.13
3053,6.76
3054,1.17
3055,6.13
3056,0.82
3057,3.64
3058,4.67
3059,7.81
3060,1.17
3061,4.67
3062,6.76
3063,3.64
3064,2.7
3065,3.64
3066,4.15
3067,7.81
3068,6.13
3069,0.0
3070,0.0
3071,1.17
3072,7.81
3073,6.07
3074,2.7
3075,4.67
3076,1.17
3077,3.64
3078,6.07
3079,4.15
3080,6.13
3081,4.15
3082,4.15
3083,4.15
3084,2.7
3085,2.7
3086,7.81
3087,4.67
3088,7.82
3089,6.13
3090,7.81
3091,7.81
3092,3.64
3093,4.67
3094,6.13
3095,3.64
3096,7.15
3097,6.13
3098,1.17
3099,3.64
3100,1.17
3101,1.17
3102,7.81
3103,6.13
3104,4.15
3105,6.13
3106,7.15
3107,4.15
3108,6.13
3109,4.67
3110,7.81
3111,6.76
3112,6.11
3113,0.0
3114,9.45
3115,8.95
3116,6.13
3117,1.17
3118,6.13
3119,4.67
3120,0.86
3121,3.64
3122,6.13
3123,4.15
3124,6.07
3125,1.17
3126,2.7
3127,4.15
3128,7.15
3129,4.15
3130,7.81
3131,1.17
3132,4.15
3133,7.81
3134,6.13
3135,6.76
3136,4.15
3137,0.82
3138,4.67
3139,2.7
3140,6.13
3141,4.15
3142,4.67
3143,6.76
3144,6.76
3145,7.81
3146,4.15
3147,4.15
3148,4.67
3149,6.13
3150,1.17
3151,7.81
3152,6.76
3153,1.17
3154,1.17
3155,7.81
3156,6.13
3157,8.62
3158,6.13
3159,3.64
3160,3.0
3161,6.13
3162,1.17
3163,4.15
3164,2.7
3165,4.15
3166,8.62
3167,3.64
3168,7.15
3169,4.15
3170,7.81
3171,3.64
3172,6.13
3173,6.76
3174,8.62
3175,4.67
3176,6.13
3177,7.81
3178,1.17
3179,4.15
3180,1.17
3181,0.82
3182,6.13
3183,4.15
3184,3.64
3185,4.15
3186,6.13
3187,6.76
3188,1.22
3189,4.15
3190,6.13
3191,0.0
3192,7.15
3193,1.17
3194,7.81
3195,1.17
3196,4.15
3197,6.13
3198,6.76
3199,9.2
3200,2.7
3201,4.15
3202,6.13
3203,0.0
3204,6.13
3205,2.7
3206,7.15
3207,1.17
3208,3.64
3209,2.7
3210,6.13
3211,3.0
3212,1.17
3213,3.64
3214,2.7
3215,6.13
3216,3.64
3217,4.15
3218,3.64
3219,0.0
3220,6.13
3221,1.17
3222,6.13
3223,6.76
3224,8.62
3225,2.7
3226,9.45
3227,6.13
3228,4.15
3229,0.82
3230,6.07
3231,6.13
3232,6.13
3233,6.13
3234,1.17
3235,8.62
3236,7.81
3237,4.15
3238,7.81
3239,8.62
3240,7.82
3241,7.81
3242,6.13
3243,6.76
3244,3.64
3245,6.76
3246,6.13
3247,6.13
3248,4.15
3249,3.64
3250,6.13
3251,6.13
3252,1.17
3253,6.13
3254,4.15
3255,8.95
3256,6.07
3257,4.15
3258,3.64
3259,8.95
3260,6.13
3261,1.17
3262,1.17
3263,1.17
3264,6.13
3265,6.07
3266,1.17
3267,4.67
3268,3.64
3269,4.15
3270,6.13
3271,4.15
3272,0.0
3273,8.95
3274,1.17
3275,8.29
3276,4.67
3277,6.13
3278,3.64
3279,4.67
3280,6.13
3281,6.13
3282,4.15
3283,4.7
3284,2.7
3285,6.13
3286,7.82
3287,7.81
3288,6.13
3289,6.13
3290,8.95
3291,6.13
3292,6.76
3293,6.13
3294,3.0
3295,8.62
3296,7.81
3297,6.07
3298,7.81
3299,7.82
3300,3.64
3301,4.67
3302,0.0
3303,4.15
3304,7.82
3305,6.76
3306,6.13
3307,1.14
3308,0.0
3309,3.64
3310,6.13
3311,4.15
3312,3.64
3313,4.15
3314,6.13
3315,2.7
3316,6.13
3317,4.15
3318,8.62
3319,4.15
3320,4.67
3321,6.13
3322,6.76
3323,6.13
3324,7.82
3325,7.82
3326,6.13
3327,3.64
3328,6.13
3329,7.15
3330,4.15
3331,6.13
3332,7.81
3333,6.13
3334,7.82
3335,4.15
3336,5.61
3337,4.15
3338,1.17
3339,8.95
3340,6.13
3341,2.7
3342,7.81
3343,1.17
3344,8.95
3345,2.7
3346,6.13
3347,8.62
3348,7.81
3349,2.7
3350,6.13
3351,7.81
3352,3.64
3353,4.15
3354,3.64
3355,7.81
3356,0.0
3357,7.81
3358,4.15
3359,3.64
3360,4.15
3361,2.7
3362,4.15
3363,6.13
3364,4.15
3365,6.13
3366,8.95
3367,6.13
3368,6.13
3369,4.15
3370,6.13
3371,6.13
3372,2.7
3373,4.67
3374,3.64
3375,0.0
3376,7.81
3377,6.13
3378,2.7
3379,4.15
3380,8.62
3381,2.7
3382,6.13
3383,1.17
3384,7.81
3385,8.62
3386,3.0
3387,3.64
3388,2.7
3389,6.13
3390,7.81
3391,8.69
3392,1.17
3393,0.88
3394,6.76
3395,1.17
3396,4.7
3397,3.64
3398,7.15
3399,4.15
3400,4.15
3401,3.64
3402,3.64
3403,2.7
3404,4.67
3405,4.15
3406,3.64
3407,8.62
3408,6.13
3409,7.81
3410,4.15
3411,1.17
3412,4.15
3413,6.07
3414,7.81
3415,3.64
3416,6.13
3417,6.13
3418,6.13
3419,7.82
3420,4.15
3421,6.76
3422,4.15
3423,4.67
3424,0.0
3425,3.64
3426,4.15
3427,6.13
3428,6.76
3429,1.17
3430,8.62
3431,6.13
3432,9.45
3433,8.95
3434,4.15
3435,0.0
3436,0.0
3437,4.67
3438,7.81
3439,4.67
3440,8.95
3441,6.13
3442,6.13
3443,3.64
3444,6.76
3445,7.81
3446,6.07
3447,1.17
3448,9.45
3449,4.15
3450,4.15
3451,6.13
3452,8.95
3453,6.76
3454,6.13
3455,6.07
3456,3.8
3457,4.15
3458,6.13
3459,7.81
3460,3.64
3461,7.81
3462,3.64
3463,4.67
3464,7.81
3465,1.17
3466,7.81
3467,0.0
3468,8.95
3469,2.7
3470,2.7
3471,6.13
3472,6.13
3473,6.76
3474,3.64
3475,3.64
3476,0.0
3477,6.13
3478,4.67
3479,4.15
3480,0.0
3481,1.17
3482,3.64
3483,6.13
3484,6.76
3485,4.15
3486,4.15
3487,2.7
3488,8.29
3489,4.12
3490,3.64
3491,4.67
3492,3.64
3493,4.67
3494,3.64
3495,6.13
3496,4.15
3497,6.13
3498,4.67
3499,7.15
3500,3.64
3501,4.15
3502,6.13
3503,6.13
3504,0.0
3505,4.15
3506,6.76
3507,2.7
3508,1.17
3509,2.7
3510,6.13
3511,8.95
3512,7.81
3513,4.15
3514,4.15
3515,1.17
3516,6.07
3517,6.13
3518,4.15
3519,2.55
3520,4.15
3521,3.64
3522,4.15
3523,3.79
3524,6.13
3525,3.64
3526,6.13
3527,7.81
3528,6.13
3529,6.76
3530,6.13
3531,6.13
3532,2.7
3533,6.76
3534,1.17
3535,3.64
3536,0.0
3537,6.13
3538,7.81
3539,4.67
3540,1.17
3541,4.15
3542,4.15
3543,6.13
3544,6.13
3545,6.13
3546,7.82
3547,4.15
3548,9.45
3549,6.76
3550,6.13
3551,3.64
3552,7.81
3553,0.0
3554,4.15
3555,3.64
3556,7.81
3557,0.0
3558,4.67
3559,2.7
3560,4.15
3561,6.13
3562,2.7
3563,2.7
3564,2.7
3565,6.13
3566,8.62
3567,4.15
3568,8.62
3569,6.13
3570,2.7
3571,6.07
3572,1.82
3573,6.76
3574,3.64
3575,8.95
3576,7.15
3577,2.7
3578,0.82
3579,7.82
3580,4.15
3581,7.15
3582,6.13
3583,3.64
3584,6.13
3585,6.1
3586,7.81
3587,0.0
3588,4.15
3589,4.7
3590,2.7
3591,6.13
3592,3.64
3593,6.76
3594,6.13
3595,3.64
3596,0.82
3597,3.64
3598,7.15
3599,4.15
3600,1.17
3601,1.17
3602,7.81
3603,0.0
3604,7.15
3605,4.7
3606,6.13
3607,6.13
3608,8.62
3609,4.15
3610,0.0
3611,7.81
3612,4.67
3613,0.82
3614,3.64
3615,7.82
3616,4.7
3617,4.67
3618,6.13
3619,8.62
3620,3.0
3621,8.29
3622,3.64
3623,6.76
3624,2.7
3625,4.15
3626,8.62
3627,7.82
3628,4.15
3629,3.64
3630,6.13
3631,7.15
3632,4.15
3633,6.13
3634,3.64
3635,1.17
3636,4.67
3637,2.7
3638,6.76
